Posto,NOME,Tipo,BACIA,REGIAO,PRODUTIBILIDADE,ENA1_DIF,ENA2_DIF,ENA3_DIF,ENA4_DIF,ENA5_DIF,ENA6_DIF
1,CAMARGOS,NAT,Grande,Sudeste,0.2076,0.0,-0.20759999999999934,0.0,-0.20759999999999934,-0.20760000000000112,-0.20759999999999934
2,ITUTINGA,NAT,Grande,Sudeste,0.2437,0.0,-0.2436999999999987,0.0,-0.24370000000000047,-0.24370000000000047,-0.24370000000000047
6,FURNAS,NAT,Grande,Sudeste,0.813,-0.8129999999999882,0.0,0.0,0.0,0.0,0.0
7,MASC. DE MORAES,NAT,Grande,Sudeste,0.3471,0.0,0.0,0.0,0.0,0.0,0.0
8,ESTREITO,NAT,Grande,Sudeste,0.5437,-0.5437000000000012,-0.5437000000000012,0.0,0.0,0.0,0.0
9,JAGUARA,NAT,Grande,Sudeste,0.3944,-0.3943999999999903,-0.39440000000001874,0.0,0.0,0.0,0.0
10,IGARAPAVA,NAT,Grande,Sudeste,0.1523,-0.15229999999999677,-0.15229999999999677,0.0,0.0,0.0,0.0
11,VOLTA GRANDE,NAT,Grande,Sudeste,0.2482,-0.2481999999999971,-0.2481999999999971,0.0,0.0,0.0,0.0
12,P COLOMBIA,NAT,Grande,Sudeste,0.2012,0.0,6.8408000000000015,0.0,0.0,0.0,0.0
14,CACONDE,NAT,Grande,Sudeste,0.8259,0.0,-0.8259000000000007,-0.8259000000000007,0.0,-0.8259000000000007,0.0
15,EUC DA CUNHA,NAT,Grande,Sudeste,0.7502,0.0,0.0,0.0,-0.7501999999999995,-0.7502000000000031,0.0
16,LIMOEIRO,NAT,Grande,Sudeste,0.2209,0.0,0.0,-0.22090000000000032,-0.22090000000000032,0.0,-0.22089999999999854
17,MARIMBONDO,NAT,Grande,Sudeste,0.5183,0.0,17.62220000000002,0.0,-0.5183000000000106,0.0,0.0
18,AGUA VERMELHA,NAT,Grande,Sudeste,0.4625,0.0,1.8500000000000227,0.0,0.0,0.0,0.0
22,BATALHA,NAT,Paranaíba,Sudeste,0.3551,-0.3551000000000002,0.0,0.0,0.0,0.0,0.0
23,CORUMBA III,NAT,Paranaíba,Sudeste,0.3471,0.0,0.0,-0.3471000000000011,0.0,0.0,-0.3471000000000011
24,EMBORCACAO,NAT,Paranaíba,Sudeste,1.1582,0.0,-1.1581999999999653,0.0,0.0,-1.158200000000022,-1.1581999999999653
25,NOVA PONTE,NAT,Paranaíba,Sudeste,0.9669,-0.9668999999999812,-0.9669000000000096,-0.9669000000000096,0.0,-0.9669000000000096,0.0
28,CAPIM BRANCO 2,NAT,Paranaíba,Sudeste,0.4169,0.0,0.0,0.0,0.0,0.0,-0.41689999999999827
31,ITUMBIARA,NAT,Paranaíba,Sudeste,0.7027,0.0,0.0,-0.7026999999999362,-0.7027000000000498,0.0,-0.7027000000000498
32,CACH DOURADA,NAT,Paranaíba,Sudeste,0.2702,0.0,0.0,-0.27019999999998845,0.0,0.0,-0.27020000000001687
33,SAO SIMAO,NAT,Paranaíba,Sudeste,0.6355,-0.6355000000000928,0.6354999999999791,1.2710000000000719,1.2709999999999582,1.2709999999999582,1.2710000000000719
34,ILHA SOLTEIRA,NAT,Alto Paraná,Sudeste,0.3869,0.0,0.3869000000001961,1.1606999999999061,0.7737999999999374,0.7737999999999374,0.7737999999999374
37,BARRA BONITA,ART,Tietê,Sudeste,0.1776,-0.01775999999999911,0.0,-0.30192000000000263,-0.4972800000000035,-0.3196799999999982,-0.3196799999999982
38,BARIRI,ART,Tietê,Sudeste,0.1848,-0.018480000000003827,0.0,-0.3141600000000011,-0.3326399999999978,-0.3326399999999978,-0.1478400000000022
39,IBITINGA,ART,Tietê,Sudeste,0.1737,-0.017369999999999663,0.0,-0.2952899999999943,-0.31266000000000105,-0.31266000000000815,-0.31266000000000105
40,PROMISSAO,ART,Tietê,Sudeste,0.213,0.19169999999999732,-0.21299999999999386,-0.5751000000000062,-0.5963999999999885,-0.5964000000000027,-0.5964000000000027
42,N.AVANHANDAVA,ART,Tietê,Sudeste,0.2784,-0.027840000000011855,0.0,-0.7516799999999932,-0.7795199999999767,-0.7795199999999767,-0.5011200000000144
43,TRES IRMAOS,ART,Tietê,Sudeste,0.4025,-0.04025000000001455,0.0,-0.68425000000002,-0.7245000000000061,-1.1269999999999811,-1.1270000000000095
45,JUPIA,ART,Alto Paraná,Sudeste,0.18,0.16199999999992087,0.17999999999994998,0.053999999999973625,0.21600000000000819,0.03600000000005821,0.03599999999994452
46,P.PRIMAVERA,ART,Baixo Paraná,Sudeste,0.1754,-0.017539999999939937,-0.1753999999999678,1.105019999999854,0.9120800000001736,0.5612800000000107,0.5612800000000107
47,JURUMIRIM,NAT,Paranapanema (SE),Sudeste,0.2907,0.0,0.0,-0.29070000000000107,-0.29070000000000107,-0.2906999999999975,-0.2907000000000046
48,PIRAJU,NAT,Paranapanema (SE),Sudeste,0.2306,0.0,0.0,-0.2306000000000008,-0.2306000000000008,-0.23059999999999903,-0.23059999999999903
49,CHAVANTES,NAT,Paranapanema (SE),Sudeste,0.6177,-0.6176999999999992,-0.6176999999999992,-1.2353999999999985,-0.6176999999999992,-0.6176999999999992,-1.2353999999999985
50,LUCAS GARCEZ,NAT,Paranapanema (SE),Sudeste,0.1483,0.0,2.224500000000006,5.338799999999999,3.7074999999999996,3.262599999999999,3.262599999999999
51,CANOAS 2,NAT,Paranapanema (SE),Sudeste,0.1288,-0.12879999999999825,2.189600000000002,7.084,5.409600000000001,5.023199999999999,5.1519999999999975
52,CANOAS 1,NAT,Paranapanema (SE),Sudeste,0.1489,0.0,3.126899999999999,5.3603999999999985,3.7224999999999966,3.275800000000004,2.829100000000004
53,PARANAPANEMA,NAT,Paranapanema (SE),Sudeste,0.1275,0.0,0.0,-0.1274999999999995,-0.1274999999999995,-0.12750000000000128,-0.12750000000000128
57,GOV JAYME CANET JR,NAT,Paranapanema (S),Sul,1.0494,0.0,-1.0493999999999915,-1.049399999999963,2.098799999999983,1.0493999999999915,1.0494000000000483
61,CAPIVARA,NAT,Paranapanema (SE),Sudeste,0.3744,-0.3744000000000085,11.606400000000008,18.72,13.104000000000013,11.606400000000008,11.231999999999971
62,TAQUARUÇU,NAT,Paranapanema (SE),Sudeste,0.2221,-0.22209999999999752,7.995599999999996,11.105000000000018,7.995599999999996,6.885099999999994,6.6629999999999825
63,ROSANA,NAT,Paranapanema (SE),Sudeste,0.1841,0.0,7.548099999999977,9.389100000000013,6.4435,5.707099999999997,5.522999999999996
66,ITAIPU ART.,ART,Baixo Paraná,Sudeste,1.0244,0.9219599999996717,45.073599999998805,6.453719999999521,3.278080000000955,-16.185520000000906,3.278079999999136
71,STA CLARA PR,NAT,Iguaçu,Sul,0.8126,-0.8126000000000033,-0.8125999999999749,-3.2504000000000133,-1.6251999999999782,-1.6252000000000066,-0.8126000000000033
72,FUNDÃO,NAT,Iguaçu,Sul,0.8307,0.0,0.0,-2.4920999999999935,-1.6614000000000146,-0.8307000000000073,-0.8307000000000073
73,JORDÃO NAT.,NAT,Iguaçu,Sul,0.0,0.0,0.0,0.0,0.0,0.0,0.0
74,FOZ DO AREIA,NAT,Iguaçu,Sul,1.0938,0.0,0.0,-1.0937999999998738,26.251200000000154,0.0,-2.1876000000000886
75,SEGREDO,ART,Iguaçu,Sul,0.904,0.0,-0.9039999999999964,-0.9039999999999964,28.92800000000011,1.8079999999999927,-2.711999999999989
77,SLT SANTIAGO,NAT,Iguaçu,Sul,0.8921,-0.8921000000000276,-0.8920999999998003,-4.460500000000138,29.439300000000003,1.7842000000000553,-2.676300000000083
78,SALTO OSORIO,NAT,Iguaçu,Sul,0.5747,0.0,-0.5747000000000071,-3.4482000000000426,18.965099999999893,1.1494000000000142,-1.1494000000000142
81,BAIXO IGUAÇU,NAT,Iguaçu,Sul,0.1458,-0.14579999999997995,-0.29160000000001673,-1.16640000000001,4.9572,0.14580000000000837,-0.5832000000000335
88,SAO ROQUE,NAT,Uruguai,Sul,0.4335,0.0,-0.4334999999999951,0.0,-0.4334999999999951,-0.8670000000000044,0.0
89,GARIBALDI,NAT,Uruguai,Sul,0.3691,-0.3691000000000031,0.738199999999992,0.3691000000000031,-0.7382000000000062,-0.3691000000000031,-0.3690999999999889
92,ITÁ,NAT,Uruguai,Sul,0.9097,-0.9097000000000435,5.45819999999992,-8.18730000000005,19.103700000000003,5.4582000000000335,-0.9097000000000435
93,PASSO FUNDO,NAT,Uruguai,Sul,2.2252,0.0,0.0,0.0,0.0,0.0,-2.225200000000001
94,FOZ CHAPECO,NAT,Uruguai,Sul,0.4506,-0.45060000000000855,2.2530000000000427,-3.154200000000003,12.166200000000003,4.055399999999963,0.45060000000000855
97,MONTE CLARO,NAT,Jacuí,Sul,0.3541,0.0,0.0,0.7081999999999979,2.4787000000000035,1.0623000000000005,1.0623000000000005
98,CASTRO ALVES,NAT,Jacuí,Sul,0.7676,-0.7676000000000016,0.0,0.0,0.0,0.0,0.0
99,ESPORA,NAT,Paranaíba,Sudeste,0.4021,-0.4021000000000008,-0.4021000000000008,-0.40209999999999724,0.0,0.0,0.0
101,SALTO PILAO,NAT,Itajaí-Açu,Sul,1.7641,-1.7640999999999991,-1.7640999999999991,0.0,1.764099999999985,0.0,-1.7641000000000133
102,SÃO JOSÉ,NAT,Uruguai,Sul,0.1878,0.0,0.0,-0.18780000000000285,-0.18779999999999575,-0.18780000000000285,0.0
103,PASSO SÃO JOÃO,NAT,Uruguai,Sul,0.2545,0.0,0.5090000000000003,-0.25450000000000017,-0.25450000000000017,-0.25450000000000017,-0.25450000000000017
110,ERNESTINA,NAT,Jacuí,Sul,0.0,0.0,0.0,0.0,0.0,0.0,0.0
111,PASSO REAL,NAT,Jacuí,Sul,0.3682,-0.36820000000000164,0.0,0.0,0.0,-0.36820000000000164,-0.36820000000000164
112,JACUI,NAT,Jacuí,Sul,0.7951,0.0,0.0,0.0,0.0,-0.7951000000000192,0.0
113,ITAUBA,NAT,Jacuí,Sul,0.7554,-0.7553999999999803,0.0,0.7554000000000087,0.0,0.0,0.0
114,D.FRANCISCA,NAT,Jacuí,Sul,0.3356,-0.33559999999999945,0.0,0.33559999999999945,-0.33559999999999945,0.0,0.0
115,CAP.CACH.,NAT,Capivari,Sul,6.3542,-6.354200000000006,0.0,-6.354199999999992,-6.354200000000006,-6.354199999999992,-6.354199999999992
120,JAGUARI,NAT,Paraíba do Sul,Sudeste,0.5163,0.0,-0.5162999999999993,-0.5162999999999993,-0.5163000000000011,-0.5163000000000011,-0.5162999999999993
121,PARAIBUNA,NAT,Paraíba do Sul,Sudeste,0.7007,-0.7006999999999977,0.0,-0.7006999999999977,-0.7006999999999977,-0.7006999999999977,0.0
122,SANTA BRANCA,NAT,Paraíba do Sul,Sudeste,0.3679,0.0,-0.3678999999999988,-0.36790000000000234,-0.36790000000000234,-0.3678999999999988,-0.36790000000000234
123,FUNIL,NAT,Paraíba do Sul,Sudeste,0.5575,-0.5574999999999903,0.0,-0.5575000000000045,-0.5575000000000045,-0.5575000000000045,-0.5574999999999974
126,SIMPLÍCIO ART.,ART,Paraíba do Sul,Sudeste,0.9762,36.437949473684185,20.561854736842108,-10.126790526315766,-9.51538105263159,-11.102990526315786,-7.1981905263158055
131,NILO PEÇANHA,ART,Paraíba do Sul,Sudeste,2.6871,-97.61244315789469,-88.84401157894735,-4.370073157894694,-0.6788463157894853,1.0041268421052791,-1.6829731578947644
134,SALTO GRANDE,NAT,Doce,Sudeste,0.802,0.0,0.0,0.0,-0.8020000000000067,-0.8019999999999996,-0.8019999999999996
135,BARRA BRAUNA,NAT,Paraíba do Sul,Sudeste,0.2094,0.0,-0.2093999999999987,-0.2093999999999987,0.0,-0.20940000000000047,-0.20940000000000047
141,BAGUARI,NAT,Doce,Sudeste,0.1698,-0.16979999999999507,0.0,-0.16980000000000217,0.0,-0.16980000000000217,-0.16979999999999507
144,MASCARENHAS,NAT,Doce,Sudeste,0.1989,-0.19889999999999475,0.19889999999999475,0.0,-0.19889999999999475,0.0,0.0
145,RONDON II,NAT,Amazonas (SE),Sudeste,0.5244,0.0,0.0,0.0,0.5244,1.0488,0.0
148,AIMORÉS,NAT,Doce,Sudeste,0.2558,0.0,0.2558000000000078,-0.2557999999999936,-0.2557999999999936,0.0,-0.2557999999999936
149,CANDONGA,NAT,Doce,Sudeste,0.4503,-0.4502999999999986,0.0,-0.4503000000000057,-0.4502999999999986,-0.4502999999999986,-0.4503000000000057
154,SAO DOMINGOS,NAT,Baixo Paraná,Sudeste,0.3071,0.0,0.0,-0.3070999999999984,0.0,-0.3070999999999984,-0.3070999999999984
155,RETIRO BAIXO,NAT,São Francisco (SE),Sudeste,0.3346,-0.3346000000000018,0.0,-0.3346000000000018,-0.3346000000000018,-0.33459999999999823,0.0
156,TRES MARIAS,NAT,São Francisco (SE),Sudeste,0.436,-0.4359999999999786,-0.43600000000000705,-0.4359999999999786,-0.43600000000000705,-0.43600000000000705,0.0
158,QUEIMADO,NAT,São Francisco (SE),Sudeste,1.6404,-1.6403999999999996,0.0,0.0,-1.6403999999999996,0.0,-1.6403999999999996
169,SOBRADINHO,NAT,São Francisco (NE),Nordeste,0.2449,-0.24490000000002965,-9.061300000000017,-33.061500000000024,-22.041000000000025,-10.285799999999995,3.9183999999999912
172,LUIZ GONZAGA,NAT,São Francisco (NE),Nordeste,0.4425,-0.44249999999999545,-28.762500000000045,-59.73750000000001,-39.82499999999999,-18.58499999999998,7.079999999999984
176,COMPLEXO,NAT,São Francisco (NE),Nordeste,1.0213,-1.0212999999998829,-66.38449999999989,-137.8755000000001,-91.91700000000014,-42.89459999999997,16.340799999999945
178,XINGÓ,NAT,São Francisco (NE),Nordeste,1.0781,-1.0781000000001768,-81.93560000000002,-145.5435,-97.029,-45.280200000000036,17.249599999999987
183,A. DIAS + SÁ CARVALHO,NAT,Doce,Sudeste,0.9364,0.0,0.0,0.0,0.0,0.0,0.0
188,ITAPEBI,NAT,Jequitinhonha (NE),Nordeste,0.715,-0.7150000000000034,0.0,-0.7149999999999963,-0.7150000000000034,0.0,0.0
190,B. ESPERANCA,NAT,Parnaíba,Nordeste,0.3784,0.0,0.0,0.0,0.0,-5.676000000000002,-9.838400000000007
191,CANA BRAVA,NAT,Tocantins (SE),Sudeste,0.3868,-0.3867999999999938,0.773600000000016,3.867999999999995,3.481200000000001,3.0944000000000074,2.7076000000000136
196,ROSAL,NAT,Itabapoana,Sudeste,1.6903,0.0,0.0,0.0,0.0,-1.690299999999997,-1.6903000000000006
197,PICADA,NAT,Paraíba do Sul,Sudeste,1.1546,0.0,-1.1545999999999985,0.0,-1.154600000000002,-1.154600000000002,-1.1545999999999985
198,SOBRAGI,NAT,Paraíba do Sul,Sudeste,0.7164,-0.7164000000000001,0.0,0.0,-0.7163999999999966,-0.7164000000000001,-0.7164000000000001
204,CACHOEIRA CALDEIRAO,NAT,Araguari,Norte,0.1406,-0.14060000000000628,-0.14060000000000628,-1.1247999999999934,-0.5623999999999683,0.0,0.0
205,CORUMBA IV,NAT,Paranaíba,Sudeste,0.5836,0.0,0.0,-0.583599999999997,-0.583599999999997,-0.5836000000000006,0.0
206,MIRANDA,NAT,Paranaíba,Sudeste,0.6195,-0.6195000000000164,-0.6195000000000164,0.0,0.0,0.0,-0.619499999999988
207,CAPIM BRANCO 1,NAT,Paranaíba,Sudeste,0.5114,-0.511400000000009,0.0,0.0,0.0,0.0,-0.511400000000009
209,CORUMBA I,NAT,Paranaíba,Sudeste,0.6294,-0.629400000000004,0.0,0.0,-0.629400000000004,-0.629400000000004,0.0
211,FUNIL-GRANDE,NAT,Grande,Sudeste,0.3549,0.0,-0.35490000000000066,-0.35490000000000066,0.0,-0.35490000000000066,0.0
213,SUIÇA,NAT,Santa Maria da Vitória,Sudeste,2.1132,-2.113199999999999,-2.113200000000001,0.0,0.0,-2.113199999999999,0.0
215,BARRA GRANDE,NAT,Uruguai,Sul,1.4153,-1.415300000000002,-1.415300000000002,-15.568300000000022,0.0,-1.4152999999999452,-2.830600000000004
216,CAMPOS NOVOS,NAT,Uruguai,Sul,1.6063,0.0,3.212600000000009,1.606300000000033,-3.212600000000009,-1.606299999999976,-1.606299999999976
217,MACHADINHO,NAT,Uruguai,Sul,0.8779,-0.8778999999999826,3.511599999999987,-9.656900000000007,-7.901100000000042,-6.14530000000002,-4.389499999999998
220,MONJOLINHO,NAT,Uruguai,Sul,0.54,0.0,0.5399999999999991,0.0,0.539999999999992,0.0,0.0
222,SALTO CAXIAS,NAT,Iguaçu,Sul,0.5596,0.0,-1.1191999999998643,-4.476800000000139,19.026399999999967,0.5596000000000458,-1.6788000000000238
225,SALTO APIACÁS,NAT,Amazonas (SE),Sudeste,0.2218,0.0,0.0,0.0,-0.22179999999999822,0.0,-0.22179999999999822
226,JURUENA,NAT,Amazonas (SE),Sudeste,0.2969,-0.29690000000000083,-0.29690000000000083,0.0,0.0,0.0,-0.29690000000000083
227,SINOP,NAT,Amazonas (SE),Sudeste,0.2431,0.0,-0.24309999999999832,0.24309999999999832,0.24309999999999832,20.177300000000002,7.536099999999976
228,COLIDER,NAT,Amazonas (SE),Sudeste,0.2078,-0.2078000000000202,-0.2078000000000202,0.20779999999996335,0.2078000000000202,17.870799999999974,6.441800000000001
229,TELES PIRES,NAT,Amazonas (SE),Sudeste,0.5054,0.0,0.0,1.0108000000000175,1.5162000000000262,24.259199999999964,2.021600000000035
230,SAO MANOEL,NAT,Amazonas (SE),Sudeste,0.2267,0.0,-0.22670000000005075,0.45340000000004466,0.6800999999999817,10.654899999999998,0.6800999999999817
241,SLT VERDINHO,NAT,Paranaíba,Sudeste,0.3742,-0.37420000000000186,0.0,-0.37420000000000186,-0.37420000000000186,-0.37420000000000186,-0.37420000000000186
247,CACU,NAT,Paranaíba,Sudeste,0.243,-0.242999999999995,-0.24299999999999855,-0.2430000000000021,0.0,-0.24299999999999855,-0.2430000000000021
248,B. COQUEIROS,NAT,Paranaíba,Sudeste,0.3214,-0.321399999999997,0.0,0.0,-0.321399999999997,0.0,0.0
249,OURINHOS,NAT,Paranapanema (SE),Sudeste,0.0962,-0.0962000000000014,0.0,0.0,-0.09619999999999962,0.0,-0.09619999999999784
251,SERRA FACAO,NAT,Paranaíba,Sudeste,0.6489,0.0,0.0,0.0,0.0,0.0,-0.6488999999999976
252,ITIQUIRA II,NAT,Paraguai,Sudeste,1.2239,-1.2239000000000004,-1.2239000000000004,0.0,-1.2239000000000004,0.0,0.0
253,SÃO SALVADOR,NAT,Tocantins (SE),Sudeste,0.2149,0.0,0.0,1.9341000000000008,1.7192000000000007,1.7192000000000007,1.5043000000000006
254,PEDRA DO CAVALO,NAT,Paraguaçu,Nordeste,0.9483,-0.9482999999999961,-0.9483000000000033,0.0,-0.9483000000000015,-0.9483000000000015,0.0
255,IRAPÉ,NAT,Jequitinhonha (SE),Sudeste,1.4533,0.0,0.0,0.0,-1.4532999999999916,-1.4532999999999987,0.0
257,PEIXE ANGICAL,NAT,Tocantins (SE),Sudeste,0.2408,0.0,0.0,1.6855999999999938,1.4447999999999865,1.2040000000000077,0.9632000000000005
259,ITIQUIRA I,NAT,Paraguai,Sudeste,0.7685,-0.7685000000000031,-0.768499999999996,0.0,-0.7685000000000031,0.0,0.0
261,FOZ DO RIO CLARO,NAT,Paranaíba,Sudeste,0.2395,0.0,0.0,0.0,-0.2394999999999996,-0.2394999999999996,-0.2394999999999996
262,GUILMAN,NAT,Doce,Sudeste,1.0066,-1.0065999999999988,-1.006600000000006,0.0,0.0,-1.006600000000006,-1.006600000000006
263,PORTO ESTRELA,NAT,Doce,Sudeste,0.4593,0.0,0.0,0.0,-0.45929999999999893,-0.4593000000000025,-0.45929999999999893
269,BALBINA,NAT,Amazonas (N),Norte,0.208,0.0,-0.2079999999999984,0.0,0.0,-0.4159999999999968,-0.2079999999999984
270,SERRA DA MESA,NAT,Tocantins (SE),Sudeste,1.0404,0.0,2.080799999999954,10.403999999999996,9.363599999999963,8.323199999999986,8.323199999999986
271,ESTREITO TOC,NAT,Tocantins (N),Norte,0.211,-0.21100000000001273,5.48599999999999,20.04499999999996,18.778999999999996,17.091000000000008,15.824999999999989
273,LAJEADO,NAT,Tocantins (SE),Sudeste,0.3315,-0.33150000000000546,-0.33150000000000546,1.3260000000000218,0.9945000000000164,0.6630000000000109,0.33150000000000546
275,TUCURUI,NAT,Tocantins (N),Norte,0.5496,0.0,0.0,51.11279999999988,45.616799999999785,42.31919999999991,39.57119999999986
277,CURUA-UNA,NAT,Amazonas (N),Norte,0.1679,0.0,0.0,-0.16789999999999594,-0.5036999999999949,-0.5036999999999949,-0.335799999999999
278,MANSO,NAT,Paraguai,Sudeste,0.508,-0.5079999999999956,-0.5079999999999956,0.0,-0.5079999999999956,0.0,0.0
279,SAMUEL,NAT,Amazonas (SE),Sudeste,0.2762,0.0,0.0,0.0,0.0,10.219399999999993,14.362399999999994
280,COARACY NUNES,NAT,Araguari,Norte,0.1795,-0.1795000000000755,-0.17950000000001864,-1.4359999999999786,-0.7180000000000177,0.17950000000001864,0.0
281,P.PEDRA,NAT,Paraguai,Sudeste,2.2106,0.0,-2.2105999999999995,0.0,-2.2105999999999995,0.0,-2.2105999999999995
283,SANTA CLARA - MG,NAT,Mucuri,Sudeste,0.4495,-0.44950000000000045,0.0,-0.4494999999999969,-0.44950000000000045,0.0,0.0
284,14 DE JULHO,NAT,Jacuí,Sul,0.3016,0.0,0.0,0.9048000000000016,2.1112000000000037,1.206399999999995,1.2064000000000021
285,JIRAU,NAT,Amazonas (SE),Sudeste,0.155,0.0,-0.15499999999974534,1.8599999999996726,10.694999999999709,347.97500000000036,264.1199999999999
286,QUEBRA-QUEIXO,NAT,Uruguai,Sul,1.035,0.0,0.0,1.0350000000000037,2.0700000000000003,2.0700000000000003,1.0350000000000037
287,SANTO ANTONIO,NAT,Amazonas (SE),Sudeste,0.1589,0.0,-13.02980000000025,2.3834999999999127,11.599700000000666,361.97420000000056,274.5792000000006
288,PIMENTAL,NAT,Xingu,Norte,0.0,0.0,0.0,0.0,0.0,0.0,0.0
290,SANTO ANTONIO DO JARI,NAT,Amazonas (N),Norte,0.2315,0.0,-0.23149999999998272,-2.083499999999958,-2.3150000000000546,6.481999999999971,-21.06650000000002
291,DARDANELOS,NAT,Amazonas (SE),Sudeste,0.8689,0.0,0.0,0.8688999999999965,0.8688999999999965,39.10050000000001,26.067000000000007
292,BELO MONTE ART,ART,Xingu,Norte,0.8185,0.0,0.0,3.274000000000342,15.551500000000487,1140.1705000000002,1267.8564999999994
294,SALTO,NAT,Paranaíba,Sudeste,0.4502,-0.4502000000000024,0.0,0.0,0.0,-0.4502000000000024,-0.4502000000000024
295,JAURU,NAT,Paraguai,Sudeste,0.9297,-0.9296999999999969,0.0,-0.9296999999999969,-0.9297000000000111,0.0,-0.9296999999999969
296,GUAPORÉ,NAT,Amazonas (SE),Sudeste,1.5452,0.0,0.0,0.0,0.0,1.5452000000000012,0.0
297,FERREIRA GOMES,NAT,Araguari,Norte,0.1499,0.0,-0.14990000000000236,-1.199200000000019,-0.7495000000000118,0.14990000000000236,0.0
299,ILHA POMBOS,ART,Paraíba do Sul,Sudeste,0.2702,10.085570526315799,5.150865263157897,-2.8029694736842146,-2.6337389473684283,-3.073169473684203,-2.2625694736842163
302,PIMENTAL_ART,ART,Xingu,Norte,0.114,0.0,0.0,0.0,0.0,0.0,0.0
303,FONTES,ART,Paraíba do Sul,Sudeste,2.7014,-2.7013999999999996,-2.701400000000003,-2.7013999999999996,-2.7013999999999996,-2.7013999999999996,-5.402799999999999
306,PEREIRA PASSOS,ART,Paraíba do Sul,Sudeste,0.3233,-12.067597894736835,-11.012618947368424,-0.8490878947368401,-0.40497578947368496,-0.2024878947368407,-0.8490878947368472
318,H.BORDEN,ART,Alto Tietê,Sudeste,5.6808,-5.112720000000024,-5.6807999999999765,-18.746639999999985,-6.816959999999995,-18.178560000000004,-12.49776
