Posto,NOME,PRODUTIBILIDADE,Tipo,S1,S2,S3,S4,S5,S6,ENA1,ENA2,ENA3,ENA4,ENA5,ENA6,BACIA,REGIAO
001,CAMARGOS,0.2076,NAT,62,55,51,51,50,48,12.8712,11.418000000000001,10.5876,10.5876,10.38,9.9648,Grande,Sudeste
002,ITUTINGA,0.2437,NAT,62,55,51,51,50,48,15.1094,13.4035,12.4287,12.4287,12.185,11.6976,Grande,Sudeste
006,FURNAS,0.813,NAT,451,409,389,400,381,364,366.66299999999995,332.517,316.257,325.2,309.753,295.93199999999996,Grande,Sudeste
007,MASC. DE MORAES,0.3471,NAT,545,493,468,478,454,433,189.1695,171.12030000000001,162.4428,165.9138,157.5834,150.29430000000002,Grande,Sudeste
008,ESTREITO,0.5437,NAT,566,513,486,496,471,449,307.7342,278.9181,264.2382,269.67519999999996,256.0827,244.1213,Grande,Sudeste
009,JAGUARA,0.3944,NAT,575,521,493,503,478,456,226.77999999999997,205.48239999999998,194.4392,198.3832,188.52319999999997,179.8464,Grande,Sudeste
010,IGARAPAVA,0.1523,NAT,601,544,515,525,498,474,91.53229999999999,82.85119999999999,78.4345,79.9575,75.8454,72.19019999999999,Grande,Sudeste
011,VOLTA GRANDE,0.2482,NAT,658,595,563,572,543,516,163.3156,147.679,139.7366,141.9704,134.7726,128.0712,Grande,Sudeste
012,P COLOMBIA,0.2012,NAT,810,734,694,700,662,627,162.97199999999998,147.6808,139.6328,140.84,133.1944,126.1524,Grande,Sudeste
014,CACONDE,0.8259,NAT,34,32,31,32,29,27,28.0806,26.4288,25.602899999999998,26.4288,23.9511,22.2993,Grande,Sudeste
015,EUC DA CUNHA,0.7502,NAT,56,53,51,52,48,44,42.0112,39.7606,38.2602,39.0104,36.0096,33.0088,Grande,Sudeste
016,LIMOEIRO,0.2209,NAT,56,53,52,53,49,45,12.3704,11.7077,11.4868,11.7077,10.824100000000001,9.9405,Grande,Sudeste
017,MARIMBONDO,0.5183,NAT,1191,1097,1045,1069,1020,961,617.2953,568.5751,541.6235,554.0627,528.6659999999999,498.0863,Grande,Sudeste
018,AGUA VERMELHA,0.4625,NAT,1357,1255,1198,1224,1171,1103,627.6125000000001,580.4375,554.075,566.1,541.5875,510.13750000000005,Grande,Sudeste
022,BATALHA,0.3551,NAT,83,78,73,70,66,62,29.473300000000002,27.6978,25.922300000000003,24.857000000000003,23.436600000000002,22.0162,Paranaíba,Sudeste
023,CORUMBA III,0.3471,NAT,106,99,93,90,84,79,36.7926,34.3629,32.280300000000004,31.239,29.1564,27.420900000000003,Paranaíba,Sudeste
024,EMBORCACAO,1.1582,NAT,360,339,322,316,295,278,416.95199999999994,392.6298,372.94039999999995,365.9912,341.669,321.97959999999995,Paranaíba,Sudeste
025,NOVA PONTE,0.9669,NAT,274,259,248,246,229,217,264.93059999999997,250.4271,239.7912,237.85739999999998,221.4201,209.8173,Paranaíba,Sudeste
028,CAPIM BRANCO 2,0.4169,NAT,288,272,261,259,241,229,120.0672,113.3968,108.8109,107.9771,100.4729,95.4701,Paranaíba,Sudeste
031,ITUMBIARA,0.7027,NAT,1203,1136,1080,1068,1000,945,845.3481,798.2672,758.9159999999999,750.4836,702.7,664.0515,Paranaíba,Sudeste
032,CACH DOURADA,0.2702,NAT,1249,1180,1123,1111,1041,984,337.4798,318.836,303.4346,300.1922,281.27819999999997,265.8768,Paranaíba,Sudeste
033,SAO SIMAO,0.6355,NAT,1933,1828,1744,1727,1633,1548,1228.4215,1161.694,1108.312,1097.5085,1037.7714999999998,983.7539999999999,Paranaíba,Sudeste
034,ILHA SOLTEIRA,0.3869,NAT,3852,3622,3474,3500,3333,3154,1490.3388,1401.3518000000001,1344.0906,1354.15,1289.5377,1220.2826,Alto Paraná,Sudeste
037,BARRA BONITA,0.1776,ART,238.6,230.8,249.0,261.0,255.2,231.1,42.37536,40.990080000000006,44.2224,46.3536,45.32352,41.04336,Tietê,Sudeste
038,BARIRI,0.1848,ART,296.6,285.8,303.0,315.0,308.2,280.1,54.81168,52.81584,55.9944,58.211999999999996,56.95536,51.762480000000004,Tietê,Sudeste
039,IBITINGA,0.1737,ART,407.6,392.8,408.0,418.0,410.2,373.1,70.80012,68.22936,70.86959999999999,72.6066,71.25174,64.80747,Tietê,Sudeste
040,PROMISSAO,0.213,ART,458.6,443.8,464.0,482.0,473.2,428.1,97.6818,94.5294,98.832,102.666,100.79159999999999,91.1853,Tietê,Sudeste
042,N.AVANHANDAVA,0.2784,ART,478.6,463.8,487.0,508.0,497.2,450.1,133.24224,129.12192,135.58079999999998,141.4272,138.42048,125.30784,Tietê,Sudeste
043,TRES IRMAOS,0.4025,ART,493.6,477.8,500.0,522.0,511.2,463.1,198.67400000000004,192.3145,201.25,210.10500000000002,205.758,186.39775000000003,Tietê,Sudeste
045,JUPIA,0.18,ART,4622.6,4365.8,4238.0,4300.0,4115.2,3875.1,832.068,785.844,762.8399999999999,774.0,740.736,697.5179999999999,Alto Paraná,Sudeste
046,P.PRIMAVERA,0.1754,ART,5192.6,4909.8,4786.0,4911.0,4719.2,4436.1,910.78204,861.1789200000001,839.4644,861.3894,827.74768,778.09194,Baixo Paraná,Sudeste
047,JURUMIRIM,0.2907,NAT,54,53,52,73,77,77,15.6978,15.407100000000002,15.1164,21.2211,22.3839,22.3839,Paranapanema (SE),Sudeste
048,PIRAJU,0.2306,NAT,55,55,53,75,80,79,12.683,12.683,12.2218,17.295,18.448,18.2174,Paranapanema (SE),Sudeste
049,CHAVANTES,0.6177,NAT,80,79,84,111,133,123,49.416000000000004,48.798300000000005,51.8868,68.5647,82.1541,75.97710000000001,Paranapanema (SE),Sudeste
050,LUCAS GARCEZ,0.1483,NAT,140,136,143,176,202,187,20.761999999999997,20.168799999999997,21.206899999999997,26.1008,29.956599999999998,27.7321,Paranapanema (SE),Sudeste
051,CANOAS 2,0.1288,NAT,154,150,157,191,218,202,19.8352,19.32,20.2216,24.6008,28.0784,26.017599999999998,Paranapanema (SE),Sudeste
052,CANOAS 1,0.1489,NAT,149,145,152,186,213,197,22.1861,21.590500000000002,22.6328,27.6954,31.715700000000002,29.3333,Paranapanema (SE),Sudeste
053,PARANAPANEMA,0.1275,NAT,55,55,53,75,80,79,7.0125,7.0125,6.7575,9.5625,10.2,10.0725,Paranapanema (SE),Sudeste
057,GOV JAYME CANET JR,1.0494,NAT,47,46,49,60,110,147,49.3218,48.272400000000005,51.42060000000001,62.964000000000006,115.43400000000001,154.26180000000002,Paranapanema (S),Sul
061,CAPIVARA,0.3744,NAT,348,336,356,417,502,516,130.2912,125.7984,133.28640000000001,156.1248,187.9488,193.1904,Paranapanema (SE),Sudeste
062,TAQUARUÇU,0.2221,NAT,382,370,390,452,537,552,84.84219999999999,82.17699999999999,86.619,100.3892,119.26769999999999,122.5992,Paranapanema (SE),Sudeste
063,ROSANA,0.1841,NAT,463,449,472,534,619,635,85.23830000000001,82.66090000000001,86.8952,98.30940000000001,113.95790000000001,116.90350000000001,Paranapanema (SE),Sudeste
066,ITAIPU ART.,1.0244,ART,6715.6,6490.8,6262.0,6596.0,6615.2,6525.1,6879.46064,6649.17552,6414.7928,6756.9424,6776.610879999999,6684.312440000001,Baixo Paraná,Sudeste
071,STA CLARA PR,0.8126,NAT,39,47,60,64,131,141,31.691399999999998,38.1922,48.756,52.0064,106.4506,114.5766,Iguaçu,Sul
072,FUNDÃO,0.8307,NAT,44,51,66,68,140,149,36.5508,42.3657,54.8262,56.4876,116.298,123.7743,Iguaçu,Sul
073,JORDÃO NAT.,0.0,NAT,62,67,88,84,177,182,0.0,0.0,0.0,0.0,0.0,0.0,Iguaçu,Sul
074,FOZ DO AREIA,1.0938,NAT,162,229,310,341,567,759,177.1956,250.48020000000002,339.07800000000003,372.98580000000004,620.1846,830.1942,Iguaçu,Sul
075,SEGREDO,0.904,ART,307,371,500,499,923,1098,277.528,335.384,452.0,451.096,834.392,992.592,Iguaçu,Sul
077,SLT SANTIAGO,0.8921,NAT,397,494,633,598,1109,1313,354.1637,440.6974,564.6993,533.4758,989.3389,1171.3273,Iguaçu,Sul
078,SALTO OSORIO,0.5747,NAT,429,539,682,632,1178,1394,246.5463,309.7633,391.9454,363.2104,676.9966,801.1318,Iguaçu,Sul
081,BAIXO IGUAÇU,0.1458,NAT,707,931,1113,939,1789,2108,103.0806,135.7398,162.27540000000002,136.9062,260.8362,307.3464,Iguaçu,Sul
088,SAO ROQUE,0.4335,NAT,99,181,230,238,292,375,42.9165,78.4635,99.705,103.173,126.582,162.5625,Uruguai,Sul
089,GARIBALDI,0.3691,NAT,121,221,281,291,356,458,44.6611,81.5711,103.7171,107.40809999999999,131.3996,169.0478,Uruguai,Sul
092,ITÁ,0.9097,NAT,484,947,1108,1011,1380,1608,440.29479999999995,861.4858999999999,1007.9476,919.7067,1255.386,1462.7975999999999,Uruguai,Sul
093,PASSO FUNDO,2.2252,NAT,50,140,86,58,66,83,111.26,311.528,191.3672,129.0616,146.8632,184.6916,Uruguai,Sul
094,FOZ CHAPECO,0.4506,NAT,649,1342,1371,1202,1615,1925,292.4394,604.7052,617.7726,541.6212,727.719,867.405,Uruguai,Sul
097,MONTE CLARO,0.3541,NAT,123,237,330,250,279,325,43.554300000000005,83.9217,116.85300000000001,88.525,98.79390000000001,115.08250000000001,Jacuí,Sul
098,CASTRO ALVES,0.7676,NAT,83,138,214,148,164,159,63.7108,105.9288,164.26639999999998,113.6048,125.8864,122.04839999999999,Jacuí,Sul
099,ESPORA,0.4021,NAT,57,56,56,56,56,55,22.919700000000002,22.5176,22.5176,22.5176,22.5176,22.1155,Paranaíba,Sudeste
101,SALTO PILAO,1.7641,NAT,46,68,120,94,171,173,81.1486,119.9588,211.692,165.8254,301.6611,305.1893,Itajaí-Açu,Sul
102,SÃO JOSÉ,0.1878,NAT,314,525,350,239,247,286,58.9692,98.595,65.73,44.8842,46.3866,53.7108,Uruguai,Sul
103,PASSO SÃO JOÃO,0.2545,NAT,326,545,364,249,257,297,82.967,138.70250000000001,92.638,63.3705,65.4065,75.5865,Uruguai,Sul
110,ERNESTINA,0.0,NAT,34,57,45,37,44,48,0.0,0.0,0.0,0.0,0.0,0.0,Jacuí,Sul
111,PASSO REAL,0.3682,NAT,284,514,364,289,291,337,104.56880000000001,189.25480000000002,134.0248,106.4098,107.14620000000001,124.08340000000001,Jacuí,Sul
112,JACUI,0.7951,NAT,290,525,368,291,293,340,230.579,417.4275,292.59680000000003,231.3741,232.9643,270.334,Jacuí,Sul
113,ITAUBA,0.7554,NAT,432,767,463,347,350,414,326.33279999999996,579.3918,349.7502,262.12379999999996,264.39,312.7356,Jacuí,Sul
114,D.FRANCISCA,0.3356,NAT,590,1037,569,409,414,495,198.00400000000002,348.0172,190.9564,137.2604,138.9384,166.122,Jacuí,Sul
115,CAP.CACH.,6.3542,NAT,10,9,10,9,11,11,63.541999999999994,57.187799999999996,63.541999999999994,57.187799999999996,69.8962,69.8962,Capivari,Sul
120,JAGUARI,0.5163,NAT,16,16,17,18,17,17,8.2608,8.2608,8.777099999999999,9.2934,8.777099999999999,8.777099999999999,Paraíba do Sul,Sudeste
121,PARAIBUNA,0.7007,NAT,35,34,37,38,36,35,24.5245,23.8238,25.9259,26.6266,25.2252,24.5245,Paraíba do Sul,Sudeste
122,SANTA BRANCA,0.3679,NAT,40,39,42,43,41,40,14.716000000000001,14.3481,15.4518,15.819700000000001,15.0839,14.716000000000001,Paraíba do Sul,Sudeste
123,FUNIL,0.5575,NAT,117,111,117,124,116,112,65.2275,61.8825,65.2275,69.13,64.67,62.44,Paraíba do Sul,Sudeste
126,SIMPLÍCIO ART.,0.9762,ART,86.04210526315791,80.42631578947368,81.66842105263157,88.2842105263158,75.92105263157896,69.67894736842106,83.99430315789475,78.5121694736842,79.72471263157894,86.18304631578948,74.11413157894738,68.02058842105264,Paraíba do Sul,Sudeste
131,NILO PEÇANHA,2.6871,ART,103.9578947368421,97.57368421052631,102.33157894736843,105.71578947368421,100.07894736842105,96.32105263157895,279.34525894736845,262.19024684210524,274.9751857894737,284.06889789473684,268.92213947368424,258.8243005263158,Paraíba do Sul,Sudeste
134,SALTO GRANDE,0.802,NAT,79,76,73,73,72,67,63.358000000000004,60.952000000000005,58.54600000000001,58.54600000000001,57.744,53.734,Doce,Sudeste
135,BARRA BRAUNA,0.2094,NAT,90,87,85,85,82,79,18.846,18.2178,17.799,17.799,17.1708,16.5426,Paraíba do Sul,Sudeste
141,BAGUARI,0.1698,NAT,351,337,328,334,324,313,59.5998,57.2226,55.6944,56.7132,55.0152,53.147400000000005,Doce,Sudeste
144,MASCARENHAS,0.1989,NAT,503,484,472,479,467,457,100.0467,96.2676,93.8808,95.2731,92.88629999999999,90.8973,Doce,Sudeste
145,RONDON II,0.5244,NAT,115,100,100,93,89,82,60.306,52.44,52.44,48.7692,46.6716,43.0008,Amazonas (SE),Sudeste
148,AIMORÉS,0.2558,NAT,406,390,380,386,376,365,103.85480000000001,99.76200000000001,97.20400000000001,98.73880000000001,96.1808,93.367,Doce,Sudeste
149,CANDONGA,0.4503,NAT,105,102,99,101,96,92,47.2815,45.9306,44.579699999999995,45.4803,43.2288,41.4276,Doce,Sudeste
154,SAO DOMINGOS,0.3071,NAT,84,83,85,87,86,82,25.7964,25.4893,26.1035,26.717699999999997,26.4106,25.182199999999998,Baixo Paraná,Sudeste
155,RETIRO BAIXO,0.3346,NAT,104,97,92,90,86,83,34.7984,32.4562,30.7832,30.114,28.7756,27.7718,São Francisco (SE),Sudeste
156,TRES MARIAS,0.436,NAT,464,421,390,379,359,343,202.304,183.556,170.04,165.244,156.524,149.548,São Francisco (SE),Sudeste
158,QUEIMADO,1.6404,NAT,43,40,39,37,35,34,70.5372,65.616,63.9756,60.6948,57.414,55.7736,São Francisco (SE),Sudeste
169,SOBRADINHO,0.2449,NAT,2090,1508,1229,1182,1181,1200,511.841,369.30920000000003,300.9821,289.47180000000003,289.2269,293.88,São Francisco (NE),Nordeste
172,LUIZ GONZAGA,0.4425,NAT,2090,1508,1229,1182,1181,1200,924.825,667.29,543.8325,523.035,522.5925,531.0,São Francisco (NE),Nordeste
176,COMPLEXO,1.0213,NAT,2090,1508,1229,1182,1181,1200,2134.5170000000003,1540.1204000000002,1255.1777000000002,1207.1766,1206.1553000000001,1225.5600000000002,São Francisco (NE),Nordeste
178,XINGÓ,1.0781,NAT,2090,1508,1229,1182,1181,1200,2253.2290000000003,1625.7748000000001,1324.9849000000002,1274.3142,1273.2361,1293.72,São Francisco (NE),Nordeste
183,A. DIAS + SÁ CARVALHO,0.9364,NAT,39,35,34,37,35,33,36.5196,32.774,31.837600000000002,34.6468,32.774,30.9012,Doce,Sudeste
188,ITAPEBI,0.715,NAT,100,94,90,87,84,81,71.5,67.21,64.35,62.205,60.059999999999995,57.915,Jequitinhonha (NE),Nordeste
190,B. ESPERANCA,0.3784,NAT,539,457,453,417,387,361,203.9576,172.9288,171.4152,157.7928,146.4408,136.60240000000002,Parnaíba,Nordeste
191,CANA BRAVA,0.3868,NAT,662,604,555,529,478,441,256.0616,233.6272,214.67399999999998,204.6172,184.8904,170.5788,Tocantins (SE),Sudeste
196,ROSAL,1.6903,NAT,21,20,20,21,19,19,35.4963,33.806,33.806,35.4963,32.1157,32.1157,Itabapoana,Sudeste
197,PICADA,1.1546,NAT,24,23,22,22,21,20,27.7104,26.5558,25.401200000000003,25.401200000000003,24.2466,23.092000000000002,Paraíba do Sul,Sudeste
198,SOBRAGI,0.7164,NAT,45,44,43,43,41,40,32.238,31.521600000000003,30.805200000000003,30.805200000000003,29.372400000000003,28.656000000000002,Paraíba do Sul,Sudeste
204,CACHOEIRA CALDEIRAO,0.1406,NAT,2420,2351,2366,2293,2041,1971,340.252,330.55060000000003,332.6596,322.3958,286.9646,277.1226,Araguari,Norte
205,CORUMBA IV,0.5836,NAT,82,77,72,70,65,61,47.8552,44.9372,42.0192,40.852000000000004,37.934,35.5996,Paranaíba,Sudeste
206,MIRANDA,0.6195,NAT,283,268,257,256,237,226,175.3185,166.026,159.2115,158.592,146.82150000000001,140.007,Paranaíba,Sudeste
207,CAPIM BRANCO 1,0.5114,NAT,285,270,258,257,238,227,145.749,138.078,131.94119999999998,131.4298,121.71319999999999,116.08779999999999,Paranaíba,Sudeste
209,CORUMBA I,0.6294,NAT,321,301,283,276,256,240,202.0374,189.4494,178.12019999999998,173.71439999999998,161.1264,151.05599999999998,Paranaíba,Sudeste
211,FUNIL-GRANDE,0.3549,NAT,155,143,136,137,132,128,55.009499999999996,50.7507,48.2664,48.6213,46.8468,45.4272,Grande,Sudeste
213,SUIÇA,2.1132,NAT,6,6,6,6,6,7,12.6792,12.6792,12.6792,12.6792,12.6792,14.7924,Santa Maria da Vitória,Sudeste
215,BARRA GRANDE,1.4153,NAT,138,219,312,255,389,338,195.3114,309.9507,441.5736,360.9015,550.5517,478.3714,Uruguai,Sul
216,CAMPOS NOVOS,1.6063,NAT,133,243,309,320,392,503,213.6379,390.33090000000004,496.3467,514.0160000000001,629.6696000000001,807.9689000000001,Uruguai,Sul
217,MACHADINHO,0.8779,NAT,347,621,770,723,978,1084,304.6313,545.1759,675.9830000000001,634.7217,858.5862,951.6436,Uruguai,Sul
220,MONJOLINHO,0.54,NAT,85,239,146,99,113,142,45.900000000000006,129.06,78.84,53.46,61.02,76.68,Uruguai,Sul
222,SALTO CAXIAS,0.5596,NAT,628,819,990,851,1614,1904,351.42879999999997,458.31239999999997,554.004,476.2196,903.1944,1065.4784,Iguaçu,Sul
225,SALTO APIACÁS,0.2218,NAT,291,239,197,162,131,105,64.5438,53.0102,43.6946,35.9316,29.055799999999998,23.289,Amazonas (SE),Sudeste
226,JURUENA,0.2969,NAT,146,143,140,138,137,135,43.3474,42.4567,41.566,40.9722,40.6753,40.0815,Amazonas (SE),Sudeste
227,SINOP,0.2431,NAT,1063,957,1056,912,873,824,258.4153,232.6467,256.7136,221.7072,212.2263,200.3144,Amazonas (SE),Sudeste
228,COLIDER,0.2078,NAT,1162,1046,1154,997,948,892,241.4636,217.3588,239.80120000000002,207.1766,196.9944,185.35760000000002,Amazonas (SE),Sudeste
229,TELES PIRES,0.5054,NAT,3153,2713,2743,2369,2066,1829,1593.5261999999998,1371.1501999999998,1386.3121999999998,1197.2926,1044.1563999999998,924.3765999999999,Amazonas (SE),Sudeste
230,SAO MANOEL,0.2267,NAT,3171,2728,2767,2390,2084,1845,718.8657000000001,618.4376000000001,627.2789,541.813,472.44280000000003,418.2615,Amazonas (SE),Sudeste
241,SLT VERDINHO,0.3742,NAT,123,120,118,120,116,112,46.026599999999995,44.903999999999996,44.1556,44.903999999999996,43.407199999999996,41.910399999999996,Paranaíba,Sudeste
247,CACU,0.243,NAT,137,130,127,130,123,115,33.291,31.59,30.861,31.59,29.889,27.945,Paranaíba,Sudeste
248,B. COQUEIROS,0.3214,NAT,143,135,133,135,128,120,45.9602,43.389,42.7462,43.389,41.1392,38.568000000000005,Paranaíba,Sudeste
249,OURINHOS,0.0962,NAT,82,81,86,114,136,125,7.8884,7.792199999999999,8.2732,10.9668,13.0832,12.024999999999999,Paranapanema (SE),Sudeste
251,SERRA FACAO,0.6489,NAT,135,127,119,114,107,101,87.6015,82.4103,77.2191,73.97460000000001,69.4323,65.5389,Paranaíba,Sudeste
252,ITIQUIRA II,1.2239,NAT,67,63,61,59,59,57,82.0013,77.1057,74.6579,72.2101,72.2101,69.7623,Paraguai,Sudeste
253,SÃO SALVADOR,0.2149,NAT,733,662,606,577,522,481,157.5217,142.2638,130.2294,123.99730000000001,112.1778,103.3669,Tocantins (SE),Sudeste
254,PEDRA DO CAVALO,0.9483,NAT,13,13,12,12,12,13,12.3279,12.3279,11.3796,11.3796,11.3796,12.3279,Paraguaçu,Nordeste
255,IRAPÉ,1.4533,NAT,60,56,53,50,47,45,87.19800000000001,81.3848,77.0249,72.665,68.3051,65.3985,Jequitinhonha (SE),Sudeste
257,PEIXE ANGICAL,0.2408,NAT,1293,1126,1014,958,870,795,311.3544,271.1408,244.1712,230.6864,209.49599999999998,191.43599999999998,Tocantins (SE),Sudeste
259,ITIQUIRA I,0.7685,NAT,67,63,61,59,59,57,51.4895,48.415499999999994,46.878499999999995,45.341499999999996,45.341499999999996,43.8045,Paraguai,Sudeste
261,FOZ DO RIO CLARO,0.2395,NAT,154,145,143,145,137,129,36.882999999999996,34.7275,34.2485,34.7275,32.811499999999995,30.8955,Paranaíba,Sudeste
262,GUILMAN,1.0066,NAT,38,34,33,36,35,32,38.2508,34.224399999999996,33.2178,36.2376,35.230999999999995,32.2112,Doce,Sudeste
263,PORTO ESTRELA,0.4593,NAT,79,76,73,73,72,67,36.2847,34.9068,33.5289,33.5289,33.0696,30.7731,Doce,Sudeste
269,BALBINA,0.208,NAT,1445,1336,1363,1352,1226,1159,300.56,277.888,283.50399999999996,281.216,255.00799999999998,241.072,Amazonas (N),Norte
270,SERRA DA MESA,1.0404,NAT,590,544,502,480,433,400,613.836,565.9775999999999,522.2808,499.392,450.4932,416.15999999999997,Tocantins (SE),Sudeste
271,ESTREITO TOC,0.211,NAT,4430,3509,3104,2952,2724,2464,934.73,740.399,654.944,622.872,574.764,519.904,Tocantins (N),Norte
273,LAJEADO,0.3315,NAT,1881,1611,1442,1357,1235,1124,623.5515,534.0465,478.023,449.8455,409.40250000000003,372.606,Tocantins (SE),Sudeste
275,TUCURUI,0.5496,NAT,18633,14287,11419,9640,8131,6855,10240.6968,7852.1352,6275.8823999999995,5298.144,4468.7976,3767.508,Tocantins (N),Norte
277,CURUA-UNA,0.1679,NAT,378,365,361,369,355,317,63.4662,61.2835,60.6119,61.955099999999995,59.604499999999994,53.2243,Amazonas (N),Norte
278,MANSO,0.508,NAT,102,75,67,63,56,54,51.816,38.1,34.036,32.004,28.448,27.432000000000002,Paraguai,Sudeste
279,SAMUEL,0.2762,NAT,700,510,457,379,322,274,193.34,140.862,126.2234,104.6798,88.9364,75.6788,Amazonas (SE),Sudeste
280,COARACY NUNES,0.1795,NAT,2427,2358,2373,2300,2047,1977,435.6465,423.26099999999997,425.95349999999996,412.84999999999997,367.43649999999997,354.87149999999997,Araguari,Norte
281,P.PEDRA,2.2106,NAT,74,72,72,71,71,70,163.5844,159.1632,159.1632,156.9526,156.9526,154.742,Paraguai,Sudeste
283,SANTA CLARA - MG,0.4495,NAT,72,71,69,69,67,68,32.364000000000004,31.9145,31.0155,31.0155,30.116500000000002,30.566000000000003,Mucuri,Sudeste
284,14 DE JULHO,0.3016,NAT,128,249,344,262,294,347,38.6048,75.0984,103.7504,79.0192,88.6704,104.6552,Jacuí,Sul
285,JIRAU,0.155,NAT,33841,29760,28888,26121,24084,22437,5245.355,4612.8,4477.64,4048.755,3733.02,3477.735,Amazonas (SE),Sudeste
286,QUEBRA-QUEIXO,1.035,NAT,42,64,75,67,102,91,43.47,66.24,77.625,69.345,105.57,94.18499999999999,Uruguai,Sul
287,SANTO ANTONIO,0.1589,NAT,34330,30201,29330,26521,24450,22776,5455.037,4798.9389,4660.537,4214.186900000001,3885.1050000000005,3619.1064,Amazonas (SE),Sudeste
288,PIMENTAL,0.0,NAT,15085,14779,14907,13015,10909,9157,0.0,0.0,0.0,0.0,0.0,0.0,Xingu,Norte
290,SANTO ANTONIO DO JARI,0.2315,NAT,2451,2896,2984,3237,3187,2986,567.4065,670.424,690.796,749.3655,737.7905000000001,691.259,Amazonas (N),Norte
291,DARDANELOS,0.8689,NAT,655,545,513,437,380,332,569.1295,473.5505,445.7457,379.7093,330.182,288.4748,Amazonas (SE),Sudeste
292,BELO MONTE ART,0.8185,ART,8169.167142857143,9242.44,10749.711428571429,9661.781428571428,7928.445714285714,6549.108571428572,6686.463306428571,7564.937140000001,8798.638804285714,7908.168099285715,6489.432817142857,5360.445365714286,Xingu,Norte
294,SALTO,0.4502,NAT,114,110,109,110,107,103,51.3228,49.522,49.071799999999996,49.522,48.1714,46.370599999999996,Paranaíba,Sudeste
295,JAURU,0.9297,NAT,87,80,80,79,77,76,80.8839,74.376,74.376,73.4463,71.5869,70.6572,Paraguai,Sudeste
296,GUAPORÉ,1.5452,NAT,40,35,35,35,34,35,61.80799999999999,54.081999999999994,54.081999999999994,54.081999999999994,52.5368,54.081999999999994,Amazonas (SE),Sudeste
297,FERREIRA GOMES,0.1499,NAT,2447,2377,2392,2318,2064,1993,366.8053,356.3123,358.56080000000003,347.4682,309.3936,298.7507,Araguari,Norte
299,ILHA POMBOS,0.2702,ART,211.0421052631579,203.42631578947368,204.66842105263157,212.2842105263158,196.92105263157896,189.67894736842106,57.023576842105264,54.965790526315786,55.30140736842105,57.35919368421053,53.20806842105264,51.25125157894737,Paraíba do Sul,Sudeste
302,PIMENTAL_ART,0.114,ART,6915.832857142857,5536.5599999999995,4157.288571428571,3353.2185714285715,2980.5542857142864,2607.891428571428,788.4049457142858,631.16784,473.93089714285713,382.26691714285715,339.78318857142864,297.2996228571428,Xingu,Norte
303,FONTES,2.7014,ART,12.0,11.0,10.0,10.0,9.0,8.0,32.4168,29.7154,27.014,27.014,24.3126,21.6112,Paraíba do Sul,Sudeste
306,PEREIRA PASSOS,0.3233,ART,115.9578947368421,108.57368421052631,112.33157894736843,115.71578947368421,109.07894736842105,104.32105263157895,37.48918736842105,35.101872105263155,36.31679947368421,37.4109147368421,35.265223684210525,33.72699631578947,Paraíba do Sul,Sudeste
318,H.BORDEN,5.6808,ART,16.4,15.2,25.0,25.0,22.8,17.9,93.16511999999999,86.34816,142.01999999999998,142.01999999999998,129.52223999999998,101.68631999999998,Alto Tietê,Sudeste
